"","Kingdom","Phylum","Class","Order","Family","Genus","Species","freqs"
"8e12efc09e31445c8665a6b00c115e57","d__Eukaryota","Bryozoa","Gymnolaemata","Cheilostomatida",NA,NA,NA,1.48557047914123
"f8b7834ceddafa3016e427d8c2b8d7f1","d__Eukaryota","Annelida","Polychaeta","Eunicida",NA,NA,NA,1.47836048915596
"d359625b78b8a88c284b97df822cdbfd","d__Eukaryota","Porifera","Demospongiae","Poecilosclerida",NA,NA,NA,1.18035691900404
"107c85c9b183983b238818a5c05abdba","d__Eukaryota","Protalveolata","Syndiniales","Syndiniales",NA,NA,NA,1.02100100277784
"1cdf514baa282cea4674b506173bffa0","d__Eukaryota","Arthropoda","Maxillopoda","Calanoida",NA,NA,NA,0.843215372779106
"43b8eaec440730927e1d0f69cd49831a","d__Eukaryota","Arthropoda","Ostracoda","Podocopida",NA,NA,NA,0.720711767213133
"852c23c66e7b7c2b8bbaac0faace8355","d__Eukaryota","Chlorophyta","Clade_VII","Subclade_B",NA,NA,NA,0.704492038342748
"5e4b1a0ec302ee54128bf754b95031b9","d__Eukaryota","Arthropoda","Maxillopoda","Copepoda",NA,NA,NA,0.561683348949807
"208551539f820dbdec5abcecf30b7bce","d__Eukaryota","Cnidaria","Anthozoa","Scleractinia",NA,NA,NA,0.557783874483366
"2e8fe2cc534e974c9d82399be671309b","d__Eukaryota","Arthropoda","Malacostraca","Peracarida",NA,NA,NA,0.557434867508531
"62a275935a90aec3d254c589b83cd64d","d__Eukaryota","Dinoflagellata","Dinophyceae","Gymnodiniphycidae",NA,NA,NA,0.540211277969201
"313c739d9536d6a3a5541f4ca4867636","d__Eukaryota","Florideophycidae","Corallinophycidae","Corallinophycidae",NA,NA,NA,0.429679544231944
"48fc2d87ba34800c51d6b0b45236c512","d__Eukaryota","Tunicata","Ascidiacea","Enterogona",NA,NA,NA,0.381297960914644
"61719cfd04eb4ef86ed92f508fb774e1","d__Eukaryota","Chlorophyta","Mamiellophyceae","Mamiellales",NA,NA,NA,0.380655085084232
"298a48d3a7483075fb9307f8580f0850","d__Eukaryota","Porifera","Demospongiae","Dendroceratida",NA,NA,NA,0.334880863040637
"fca23d5d605e71a88f069b3814ed7cd2","d__Eukaryota","Annelida","Polychaeta","Phyllodocida",NA,NA,NA,0.325999738669185
"8606001de5732e919186c0e0d4f78cc1","d__Eukaryota","Florideophycidae","Rhodymeniophycidae","Rhodymeniophycidae",NA,NA,NA,0.316774202346262
"25c9717cea9a07c4c5b7b5b3ecf47099","d__Eukaryota","Arthropoda","Maxillopoda","Cyclopoida",NA,NA,NA,0.247883344589311
"bd93364cf914d907af564eeab90768d3","d__Eukaryota","Prymnesiophyceae","Prymnesiophyceae","Prymnesiales",NA,NA,NA,0.240662093659878
"d971365c2587b12c568a1c2c6edab3cb","d__Eukaryota","Arthropoda","Maxillopoda","Harpacticoida",NA,NA,NA,0.222330251326268
"47b7d40192abe82cd607739d8e672b10","d__Eukaryota","Porifera","Demospongiae","Haplosclerida",NA,NA,NA,0.152361400187396
"d6255c90915801708ba85769bb7a187b","d__Eukaryota","Porifera","Calcarea","Clathrinida",NA,NA,NA,0.149927259047596
"d433a2794b03d04dccda721df097b970","d__Eukaryota","Ochrophyta","Pelagophyceae","Pelagophyceae",NA,NA,NA,0.133930927150883
"092dd81a4dc2258b7fc89038836cefd8","d__Eukaryota","Diatomea","Bacillariophyceae","Bacillariophyceae",NA,NA,NA,0.132737345053459
"60671413f794ca0fda1a1c24c6d9f165","d__Eukaryota","Cnidaria","Anthozoa","Alcyonacea",NA,NA,NA,0.121438476519565
"1a59540c5ecfb474e9eff15161e4895d","d__Eukaryota","Arthropoda","Malacostraca","Eucarida",NA,NA,NA,0.118891197241907
"8554b109f4a8340aa6946891e12c1f2c","d__Eukaryota","Retaria","RAD_A","RAD_A",NA,NA,NA,0.118415800102577
"45516ddb4742b1828c3470810debc96f","d__Eukaryota","Porifera","Demospongiae","Dictyoceratida",NA,NA,NA,0.111168395190298
"e0a6b9e7a5cdab3f7dfd42b0fb09a16f","d__Eukaryota","Porifera","Demospongiae","Demospongiae",NA,NA,NA,0.107569715793308
"cd2cdb63cbdc32bfdcf2812f26175f2a","d__Eukaryota","Ciliophora","Intramacronucleata","Spirotrichea",NA,NA,NA,0.0929753336251928
"f89d91bf8503edef79476a170905ed35","d__Eukaryota","Diatomea","Mediophyceae","Mediophyceae",NA,NA,NA,0.0790690413226928
"4d8276cd495fae9f114e11a780931f3d","d__Eukaryota","Euglenozoa","Kinetoplastea","Neobodonida",NA,NA,NA,0.0782275001936377
"7ea579e27689fb792807f00258360312","d__Eukaryota","Cnidaria","Hydrozoa","Anthoathecata",NA,NA,NA,0.0755691100794268
"851a19862883103114776940b643c2f9","d__Eukaryota","Echinodermata","Ophiuroidea","Ophiuroidea",NA,NA,NA,0.0705409620911751
"0cfb0005445ca1e6752f3dcd47afe6ce","d__Eukaryota","Porifera","Calcarea","Leucosolenida",NA,NA,NA,0.0654534668669938
"72fec4164cef8cc7f1c313961076cf37","d__Eukaryota","Chlorophyta","Ulvophyceae","Ulvophyceae",NA,NA,NA,0.0637134922533169
"a1eb236e3eb9e4be4da9035d67d18d6a","d__Eukaryota","uncultured","uncultured","uncultured",NA,NA,NA,0.063694309140211
"29fb61a621d18d3b2333272cf66aa752","d__Eukaryota","Mollusca","Bivalvia","Pectinoida",NA,NA,NA,0.0636386451157746
"48ffa9f5ccc98237b1b03a44fe0b791f","d__Eukaryota","Bicosoecida","Bicosoecida","Bicosoecida",NA,NA,NA,0.0611200091546912
"544402fa488c1de46526851707812850","d__Eukaryota","Annelida","Polychaeta","Terebellida",NA,NA,NA,0.0578091781826767
"ab0ebf7aa03702b2478f388ff44869df","d__Eukaryota","Tunicata","Ascidiacea","Stolidobranchia",NA,NA,NA,0.0522741189305213
"d387b732e8d68b2a59d8ae1940491cd8","d__Eukaryota","Mollusca","Gastropoda","Caenogastropoda",NA,NA,NA,0.050570489474554
"bd88435171ed25c98a72e05e66dbd397","d__Eukaryota","Arthropoda","Arachnida","Acari",NA,NA,NA,0.0496322232068723
"1509342fcccac8d24d22f72f3082afdf","d__Eukaryota","Porifera","Demospongiae","Suberitida",NA,NA,NA,0.0480775127556347
"39a360253acc585d7e5b55d0fc6b4aec","d__Eukaryota","Prymnesiophyceae","uncultured","uncultured",NA,NA,NA,0.0472505912177506
"dbb00f2e6df8f44d985d6f9fd873bb3c","d__Eukaryota","Retaria","Polycystinea","Spumellaria",NA,NA,NA,0.044602899730116
"a8073e7635e2bd3e404fbb2c41364bf3","d__Eukaryota","Prymnesiophyceae","Prymnesiophyceae","Prymnesiophyceae",NA,NA,NA,0.0438793056852106
"6a1b56207d2ae9867367da21e13d5399","d__Eukaryota","Chlorophyta","Clade_VII","Subclade_A",NA,NA,NA,0.0418289690173739
"a6e9a1e30819bdc76efa431f37233f15","d__Eukaryota","Bryozoa","Stenolaemata","Cyclostomatida",NA,NA,NA,0.0413973659251468
"bc27103ee2314ab5315b3001eda0a24f","d__Eukaryota","Arthropoda","Maxillopoda","Siphonostomatoida",NA,NA,NA,0.0387546269055345
"332e2e340e53afdaad6bd0b3718e5037","d__Eukaryota","Incertae_Sedis","Incertae_Sedis","Incertae_Sedis",NA,NA,NA,0.0332267006947179
"bcc839d003344b02229c58fa90107179","d__Eukaryota","Diatomea","Coscinodiscophytina","Fragilariales",NA,NA,NA,0.0321415024255383
"688e780a8e8eb772cdf4bdc7a7cf75c8","d__Eukaryota","Ascomycota","Dothideomycetes","Dothideales",NA,NA,NA,0.0303120767186327
"de1ec31b15c142dafde2a89134ae4bab","d__Eukaryota","Mollusca","Gastropoda","Heterobranchia",NA,NA,NA,0.0297234485856603
"fd6f427eeac3d9ce5cfa8b8f66a8dc47","d__Eukaryota","MAST-4","MAST-4","MAST-4",NA,NA,NA,0.0294421081178008
"f2a6d5c0baaf13b467abc976101dcada","d__Eukaryota","Holozoa","Choanoflagellida","Acanthoecida",NA,NA,NA,0.0280979779767094
"3aee23b912decda6831f53bfc86a669e","d__Eukaryota","Arthropoda","Ostracoda","Halocyprida",NA,NA,NA,0.0279359314220686
"fed76fed907964dc974d76451cbdacb5","d__Eukaryota","Cercozoa","Chlorarachniophyta","Chlorarachniophyta",NA,NA,NA,0.0278183786897325
"bcadaccf1790bbfff82bf1e2ddf583a8","d__Eukaryota","Cnidaria","Hydrozoa","Leptothecata",NA,NA,NA,0.0269285099832794
"6def91b8a701bb99d1f6f647c91323ce","d__Eukaryota","Dinoflagellata","Dinophyceae","Gonyaulacales",NA,NA,NA,0.0257185163497636
"626fbce8e69111d1c799d0c9601a45aa","d__Eukaryota","Dinoflagellata","Dinophyceae","Peridiniales",NA,NA,NA,0.025546656118598
"cc74349fa8ec82bba7a82e99efd83679","d__Eukaryota","Tunicata","Thaliacea","Salpida",NA,NA,NA,0.0243494114448708
"84c5455975ac82f74dd6393765704aa5","d__Eukaryota","Picozoa","Picomonadida","Picomonadida",NA,NA,NA,0.0222478382181921
"bf46ed8449e5fa6c530b1dcef5621bc0","d__Eukaryota","Euglenozoa","Diplonemea","Diplonemea",NA,NA,NA,0.0208114831627483
"ef6bc2ccba82f30019a308ed4b5834fc","d__Eukaryota","Mollusca","Bivalvia","Mytiloida",NA,NA,NA,0.0203711235314496
"63e775227f23aa2736348ce4c0b89976","d__Eukaryota","Retaria","RAD_B","RAD_B",NA,NA,NA,0.0203408147995972
"8e466f7bbfd900e98082090ce5789ca0","d__Eukaryota","Ochrophyta","Phaeophyceae","Dictyotales",NA,NA,NA,0.018891323102532
"0a8df5823532454263da63830b7b79e8","d__Eukaryota","Vertebrata","Actinopterygii","Teleostei",NA,NA,NA,0.0185552815786496
"46d2f3509abea4d8ba15beca64c2b9ce","d__Eukaryota","Annelida","Polychaeta","Capitellida",NA,NA,NA,0.0182445993694581
"f4b29d655c849bb377f2f894c4eb5291","d__Eukaryota","Ciliophora","Intramacronucleata","Conthreep",NA,NA,NA,0.0176788182430916
"e48f5be3ff1c8502e849d673b0e4b192","d__Eukaryota","Porifera","Demospongiae","Tetractinellida",NA,NA,NA,0.0173965391495773
"9811d1017b42544c2f820b30ed9ff712","d__Eukaryota","Retaria","Acantharia","Arthracanthida",NA,NA,NA,0.0154901489335239
"f554a8acec83f4ef87c19156198131eb","d__Eukaryota","Platyhelminthes","Rhabditophora","Prolecithophora",NA,NA,NA,0.0150354422770444
"8382e07913a79bb43ecb1669ea689065","d__Eukaryota","Arthropoda","Ostracoda","Myodocopida",NA,NA,NA,0.014040261282149
"dd9687af13f6f71d8297b937ed2e8d8a","d__Eukaryota","Dinoflagellata","Incertae_Sedis","Incertae_Sedis",NA,NA,NA,0.0138311163593179
"01faf0baf4a2aaeac4a10db320a15f98","d__Eukaryota","MAST-1","MAST-1D","MAST-1D",NA,NA,NA,0.0133171683601397
"ff57e3ee305ff80136ba9752cface738","d__Eukaryota","Prymnesiophyceae","Prymnesiophyceae","Isochrysidales",NA,NA,NA,0.0127765165751304
"e5f1b6564984ef2446818e714ac86504","d__Eukaryota","Ochrophyta","Dictyochophyceae","Dictyochales",NA,NA,NA,0.0127050663989975
"e6cd93bc0480fcc016509b8519b21c2d","d__Eukaryota","Nematozoa","Chromadorea","Desmodorida",NA,NA,NA,0.0124774464526589
"66334905aaf145c318d6bd7cf598dbe2","d__Eukaryota","Ochrophyta","Phaeophyceae","Ectocarpales",NA,NA,NA,0.0120690461952258
"0a4350c5580f7944e19a5918cc64b917","d__Eukaryota","Nematozoa","Enoplea","Triplonchida",NA,NA,NA,0.0117075702995197
"2870f5a91021a44c5dff6cabfe47c37e","d__Eukaryota","MAST-8","MAST-8","MAST-8",NA,NA,NA,0.0116844523466099
"8e82d75881fb816e3a033ab0b6775422","d__Eukaryota","Mollusca","Mollusca","Mollusca",NA,NA,NA,0.011092749574224
"6a0b36b92327bf6027f516fcb026da6a","d__Eukaryota","Annelida","Polychaeta","Spionida",NA,NA,NA,0.010913475958622
"859872b8214730c237819d317a3255c7","d__Eukaryota","Mollusca","Bivalvia","Pterioida",NA,NA,NA,0.0107763819376499
"2074f0fd02b2f64496e22d1af0016a6f","d__Eukaryota","Labyrinthulomycetes","Labyrinthulomycetes","Labyrinthulomycetes",NA,NA,NA,0.0101488406922376
"b0bf3145c32f8fe9fcb84ce86d726cc9","d__Eukaryota","Porifera","Demospongiae","Lithistida",NA,NA,NA,0.0101413531263742
"3c0655b56399f9050e17c7e83c78d4ce","d__Eukaryota","Retaria","Acantharia","Acantharea_Group_II",NA,NA,NA,0.0101149562306472
"fbb44b044bba9b183743a916dff62b6f","d__Eukaryota","Peronosporomycetes","Peronosporomycetes","Peronosporomycetes",NA,NA,NA,0.0100349721445495
"c98614ce55d51674ee03220937ca1aaa","d__Eukaryota","Retaria","Polycystinea","Collodaria",NA,NA,NA,0.0100304409671283
"d59dce0e76f9cd01c7f4c61b0e3e7b3c","d__Eukaryota","Arthropoda","Arachnida","Opiliones",NA,NA,NA,0.00910049276976012
"b5117a32135933281eedfeb43b63c6fb","d__Eukaryota","Ochrophyta","Raphidophyceae","Raphidophyceae",NA,NA,NA,0.00899891084730598
"480a0a9fd6e747476ecfa60023a1f784","d__Eukaryota","MAST-3","MAST-3F","MAST-3F",NA,NA,NA,0.00874789539781592
"a1fda4daf23708a5a7b692ede55fe489","d__Eukaryota","MAST-11","MAST-11","MAST-11",NA,NA,NA,0.0081906679668273
"77cb7cb76e4a4e431f25d21816332e54","d__Eukaryota","Dinoflagellata","Dinophyceae","Prorocentrales",NA,NA,NA,0.00815901773141332
"ca6d2ddfd5cddf109c33651d9487dc7a","d__Eukaryota","Kathablepharidae","Kathablepharidae","Kathablepharidae",NA,NA,NA,0.00811038734080988
"e488cb3a38bdce690be27c100d3005c5","d__Eukaryota","Porifera","Demospongiae","Halichondrida",NA,NA,NA,0.00794027998959367
"9c1c30a7c368258f0f80204e5e368d43","d__Eukaryota","Diatomea","Coscinodiscophytina","Coscinodiscophytina",NA,NA,NA,0.00789623394154928
"c1bf27ed60065a2f06bba698f190da8c","d__Eukaryota","Ochrophyta","Chrysophyceae","uncultured",NA,NA,NA,0.00741920210428447
"e5ac02c4711422fa1118c9e4c5d50a89","d__Eukaryota","Entoprocta","Entoprocta","Coloniales",NA,NA,NA,0.00722022919976993
"e8f619444c6a662a38c944633ea74177","d__Eukaryota","Arthropoda","Pycnogonida","Pantopoda",NA,NA,NA,0.00719398418065026
"f9a980f05b1a0eaee3a20c8b9a98e71b","d__Eukaryota","MAST-7","MAST-7D","MAST-7D",NA,NA,NA,0.00713427289738319
"76af8f580eb7ddbb90c9107698e0e7ea","d__Eukaryota","MAST-3","MAST-3E","MAST-3E",NA,NA,NA,0.00708774281091888
"1ebe9acf33f39878128abf4f8a1aa196","d__Eukaryota","MAST-3","MAST-3I","MAST-3I",NA,NA,NA,0.00696770688045685
"50098e9c252287d0532a991db17a4a50","d__Eukaryota","Mollusca","Gastropoda","Vetigastropoda",NA,NA,NA,0.00695151417658081
"eceb7dae6021eb4a9558ff4e4301e8e8","d__Eukaryota","Dinoflagellata","Dinophyceae","Dinophysiales",NA,NA,NA,0.00694538517157429
"36943983845746110de25967748d9a02","d__Eukaryota","Chlorophyta","Clade_IX","Clade_IX",NA,NA,NA,0.00687291863064721
"5f4b5b617625b2f8fba395e2cf6d630e","d__Eukaryota","Cnidaria","Anthozoa","Corallimorpharia",NA,NA,NA,0.00665746422202032
"d05fc11b1e134dea2eb5f565487a1f3b","d__Eukaryota","Mollusca","Bivalvia","Veneroida",NA,NA,NA,0.00657121724166426
"1dc2b378ba4be62d2712f20fb2cbbec6","d__Eukaryota","Ochrophyta","MOCH-2","MOCH-2",NA,NA,NA,0.00627455515801927
"4ef7109fd365b876b8a395a5c70bbd70","d__Eukaryota","Porifera","Demospongiae","Verongiida",NA,NA,NA,0.00584775726875469
"d5e175ac1142c5b10a1273d4b55b894f","d__Eukaryota","MAST-3","MAST-3B","MAST-3B",NA,NA,NA,0.00564964966671196
"6e4586fe36072b45ef84b3622919693c","d__Eukaryota","Annelida","Polychaeta","Sabellida",NA,NA,NA,0.00533274976982995
"4ff2d73312972677bb67e2532e658530","d__Eukaryota","Porifera","Demospongiae","Axinellida",NA,NA,NA,0.00508006077921081
"9b969abf939313c03a6140274cab5fdf","d__Eukaryota","Cnidaria","Anthozoa","Actiniaria",NA,NA,NA,0.00477663346540649
"c467512296798f908c0755b2fd896394","d__Eukaryota","Tunicata","Appendicularia","Copelata",NA,NA,NA,0.00476542959441642
"959a62620cd490b55ae690c106cb1651","d__Eukaryota","MAST-3","MAST-3A","MAST-3A",NA,NA,NA,0.00456594692814493
"e4993b9cd268b20e0968ae97517c05e1","d__Eukaryota","Retaria","Acantharia","uncultured",NA,NA,NA,0.00404656640585854
"57532b0fe2756ad8a79578e158ffea21","d__Eukaryota","Holozoa","Ichthyosporea","Abeoformidae",NA,NA,NA,0.00404265270924963
"62454a45429480bc6b5123811e8761ef","d__Eukaryota","Chlorophyta","Chlorophyceae","Chlorophyceae",NA,NA,NA,0.00390863549620758
"42cf3999ac1aa41e0d8f7d156117154d","d__Eukaryota","Retaria","RAD_C","RAD_C",NA,NA,NA,0.00388541008258355
"02d8c17e0e68f0097efa4c4db9ed1afb","d__Eukaryota","Prymnesiophyceae","Coccolithales","Coccolithales",NA,NA,NA,0.00384528041299124
"db4183ba8ead3716c53e15df0c650b29","d__Eukaryota","MAST-3","MAST-3C","MAST-3C",NA,NA,NA,0.00373633385836343
"7673420c285a7f5be94db75d87b0cd9c","d__Eukaryota","MAST-2","MAST-2","MAST-2",NA,NA,NA,0.00368342596335973
"ed70394dca8d041e809e8e547f8ef6ee","d__Eukaryota","Porifera","Demospongiae","Clionaida",NA,NA,NA,0.00357845793220089
"e6b5912f517cb892b37272eb75650705","d__Eukaryota","Nemertea","Enopla","Monostilifera",NA,NA,NA,0.00351898607503952
"6d63fc23d7d2aeae401cf6892bb74414","d__Eukaryota","Dinoflagellata","Dinoflagellata","Dinoflagellata",NA,NA,NA,0.00349090242050865
"1923bbc29023eb33575882d0199aeff0","d__Eukaryota","Chlorophyta","Prasinophytae","Prasinophytae",NA,NA,NA,0.00346374243802774
"ace8d546eca2430aac8584abfe47bf3e","d__Eukaryota","Cryptophyceae","Cryptophyceae","Cryptomonadales",NA,NA,NA,0.00344778049130872
"fdf3b8e2c404f26e83e0e9c25fa0e192","d__Eukaryota","Florideophycidae","Nemaliophycidae","Nemaliophycidae",NA,NA,NA,0.00342632289301056
"a82af6c4de05d4b6b08345e9e7be6444","d__Eukaryota","Annelida","Polychaeta","Opheliidae",NA,NA,NA,0.00337677283757541
"d1d2e45c304450ebb5db4df4068e7293","d__Eukaryota","Nematozoa","Chromadorea","Chromadorida",NA,NA,NA,0.00322583261000143
"6b4cb700d8511afd4c33a735bb0dd376","d__Eukaryota","Labyrinthulomycetes","uncultured","uncultured",NA,NA,NA,0.0030970394198192
"8c4a51415bd480389ffca32040c39995","d__Eukaryota","Alveolata","Alveolata","Alveolata",NA,NA,NA,0.00302263998079118
"6bbcfceed4244672505b549aa1543dbf","d__Eukaryota","MAST-3","MAST-3K","MAST-3K",NA,NA,NA,0.00286352338902187
"a32ef407235a809fa7455ad4a55b2115","d__Eukaryota","Nematozoa","Enoplea","Enoplida",NA,NA,NA,0.00282435924944536
"d5e664e719d14bf6452dc073efe0bfcb","d__Eukaryota","Phragmoplastophyta","Embryophyta","Magnoliophyta",NA,NA,NA,0.00272690433037364
"0f772590547bd4f35b3ef2677eb94a15","d__Eukaryota","Euglenozoa","Kinetoplastea","Incertae_Sedis",NA,NA,NA,0.00267988565720108
"25277174dddec17b8114ffceee020318","d__Eukaryota","MAST-4","MAST-4D","MAST-4D",NA,NA,NA,0.00264097225039779
"3691169e567ee36c9cdbedd2ecf58900","d__Eukaryota","MAST-7","MAST-7","MAST-7",NA,NA,NA,0.00262090708751714
"9cd3f5fee33209e8c37a4233c55c2302","d__Eukaryota","Ochrophyta","Chrysophyceae","Chromulinales",NA,NA,NA,0.00260364790885428
"f7a9c249d3610c2dae93289bbba862e8","d__Eukaryota","Apicomplexa","Conoidasida","Gregarinasina",NA,NA,NA,0.00258978045524706
"a34177c278eb118bb9f036002c835347","d__Eukaryota","Haptophyta","Haptophyta","Haptophyta",NA,NA,NA,0.00258503239193514
"e000560a9afebd66d9f6831aa76017bd","d__Eukaryota","Ochrophyta","Dictyochophyceae","Dictyochophyceae",NA,NA,NA,0.00254097265689587
"5e760c83b06381b0844808e19a71bfda","d__Eukaryota","Retaria","Acantharia","Chaunocanthida",NA,NA,NA,0.00242263980268967
"f7e4ec4d5489476a1b1be7d70d725fff","d__Eukaryota","MAST-3","MAST-3D","MAST-3D",NA,NA,NA,0.00239446176040816
"d9201550e824aa830b80fa060c872309","d__Eukaryota","Ochrophyta","Ochrophyta","Ochrophyta",NA,NA,NA,0.00236986255819225
"a5ad478ee965da1ecc1fec0a69097a4a","d__Eukaryota","Arthropoda","Maxillopoda","Poecilostomatoida",NA,NA,NA,0.00235621258289161
"12b079cd5a21617cf6404174e061c871","d__Eukaryota","Protalveolata","Perkinsidae","Perkinsidae",NA,NA,NA,0.00234447782535975
"6338721134bcb5c975f8e8ea8f58b09d","d__Eukaryota","Mollusca","Bivalvia","Ostreoida",NA,NA,NA,0.00232227308901046
"7871161e1c6a68c954e10fbecd5b8c4f","d__Eukaryota","Retaria","Polycystinea","Nassellaria",NA,NA,NA,0.00220761026954566
"8341faf0f03f0cf76003d5d6a24b8397","d__Eukaryota","Stramenopiles","uncultured","uncultured",NA,NA,NA,0.00219469892722503
"7a70f9e1eaa604f337af8115cd07317c","d__Eukaryota","Annelida","Polychaeta","Scolecida",NA,NA,NA,0.00218114781595625
"e993718bd4ab217ef857cd531f606862","d__Eukaryota","Chlorophyta","Mamiellophyceae","Mamiellophyceae",NA,NA,NA,0.00215392207302366
"7246a0f21d1159bb26ea68ececa9eafa","d__Eukaryota","Arthropoda","Maxillopoda","Pygophora",NA,NA,NA,0.00204878758306426
"440c8397e20c2b151584503d9b7982b0","d__Eukaryota","Annelida","Polychaeta","Protodrilidae",NA,NA,NA,0.00203834751524529
"3df22bc1b7164dd169e450b60e1f1b5c","d__Eukaryota","Bryozoa","Stenolaemata","Tubuliporida",NA,NA,NA,0.00173837914972517
"d0c30f30b01b49632fc8b8ebdbcea1ad","d__Eukaryota","Dinoflagellata","Dinophyceae","Dinophyceae",NA,NA,NA,0.00171889414842229
"7ba97120035685042b69e06e3b73bf5f","d__Eukaryota","Pavlovophyceae","Pavlovophyceae","Pavlovophyceae",NA,NA,NA,0.00162449111215925
"4e97055c9a743f12fc0e1837547707cf","d__Eukaryota","MAST-1","MAST-1C","MAST-1C",NA,NA,NA,0.00160027150658346
"241915e9cbeb6d48d048145bee4e412f","d__Eukaryota","Chlorophyta","Prasinophytae","Pseudoscourfieldiales",NA,NA,NA,0.00157041505325733
"33bec0834d3822c74813c284223550e2","d__Eukaryota","T58","T58","T58",NA,NA,NA,0.00154786504385177
"3461a1fd4177436269010568e5b0fefa","d__Eukaryota","MAST-3","MAST-3J","MAST-3J",NA,NA,NA,0.00151883386816761
"55967c1cc565d53be90f886931f1a022","d__Eukaryota","Apicomplexa","Conoidasida","Coccidia",NA,NA,NA,0.0014822097469662
"8e98b648dcc4cf04c7019f16a852b49a","d__Eukaryota","Platyhelminthes","Rhabditophora","Tricladida",NA,NA,NA,0.00140945812391714
"4a79237380b99a017eec72884f9e4041","d__Eukaryota","Ochrophyta","Dictyochophyceae","Florenciellales",NA,NA,NA,0.00123042290001969
"4a452cf55caf8ebe2fced3e5019f5e2d","d__Eukaryota","Dinoflagellata","Dinoflagellata","Noctilucales",NA,NA,NA,0.00118750689181214
"20e39930163121b8dee6057119966b94","d__Eukaryota","Picozoa","Picozoa","Picozoa",NA,NA,NA,0.00118596743592874
"722ab308476331c0446daac66dfa0164","d__Eukaryota","MAST-1","MAST-1B","MAST-1B",NA,NA,NA,0.00116863367263814
"e795a9032ae6e5e1382838a2f237cf40","d__Eukaryota","Chlorophyta","Chlorodendrophyceae","Chlorodendrales",NA,NA,NA,0.0011573772836575
"679751f99f2f5d692a8014b7206feccd","d__Eukaryota","Centrohelida","Centrohelida","Centrohelida",NA,NA,NA,0.00114622799047819
"df66b7d0b17b54d4a08f8ef0335ab188","d__Eukaryota","Cryptophyceae","Cryptophyceae","Cryptophyceae",NA,NA,NA,0.00113931291890587
"b2d131b310f0f2214fdea49036d7ecac","d__Eukaryota","MAST-1","MAST-1A","MAST-1A",NA,NA,NA,0.00108341633231329
"454b5f8d8615178eedf733ef234fd2b6","d__Eukaryota","Ciliophora","Intramacronucleata","Litostomatea",NA,NA,NA,0.00104250456995253
"c99ffc2ef94f257c44bb580d0ec7e24c","d__Eukaryota","Cnidaria","Hydrozoa","Siphonophorae",NA,NA,NA,0.00103810673358883
"31084c4fcaa8cabaced25d9590c164b6","d__Eukaryota","Ochrophyta","Dictyochophyceae","Pedinellales",NA,NA,NA,0.000989640696579355
"33f06f8ce2b721f6efd2e9c32f284c53","d__Eukaryota","Lophophorata","Phoroniformea","Phoroniformea",NA,NA,NA,0.000865769473900277
"6ba76fc48cad73ffd748721c3e1a3e08","d__Eukaryota","Amoebozoa","Discosea","Dactylopodida",NA,NA,NA,0.000845594901324536
"67b3d77d76ce30c704f7ec0873994593","d__Eukaryota","Cnidaria","Scyphozoa","Coronatae",NA,NA,NA,0.000804953441885748
"cbe453ce4d3a5277d78e7a666bb9464c","d__Eukaryota","Ochrophyta","Eustigmatophyceae","Eustigmatales",NA,NA,NA,0.000785279363244552
"4f79764ef847552f11bf62b2b97607ab","d__Eukaryota","MAST-12","MAST-12A","MAST-12A",NA,NA,NA,0.000782135389232071
"683140ae18445230441bcf3230fcbf34","d__Eukaryota","Platyhelminthes","Rhabditophora","Rhabdocoela",NA,NA,NA,0.00076805355740203
"72b2b1fe5f185059e293539dc7734d7f","d__Eukaryota","Dinoflagellata","Dinophyceae","Peridiniphycidae",NA,NA,NA,0.00075210383244287
"9c48d44c427fcb745056741a2ef06867","d__Eukaryota","Ctenophora","Tentaculata","Platyctenida",NA,NA,NA,0.000723053916815933
"9261b2cbd0dfaee6bd06565c1cf29c41","d__Eukaryota","Ctenophora","Tentaculata","Lobata",NA,NA,NA,0.000669124553039687
"991912006d1d43a7eabdefb93ebd7f67","d__Eukaryota","Cercozoa","Phytomyxea","Phytomyxea",NA,NA,NA,0.000662783837908753
"d69364a73750a86de6b4c26e55989535","d__Eukaryota","Retaria","Acantharia","Acantharea_Group_I",NA,NA,NA,0.000648090693311594
"27fd99cc92b8c4694d70321a2de56788","d__Eukaryota","Nematozoa","Chromadorea","Monhysterida",NA,NA,NA,0.000642934148128651
"e273762469d92f16fd5685df2cd55933","d__Eukaryota","Annelida","Polychaeta","Phascolosomatiformes",NA,NA,NA,0.00062554395343086
"cfbc4d2cdd9d37e3f33c2e6a9870487d","d__Eukaryota","Compsopogonales","Compsopogonales","Compsopogonales",NA,NA,NA,0.0005908564957286
"730cda7580244d90ff7dd31a44017f48","d__Eukaryota","Scalidophora","Kinorhyncha","Cyclorhagida",NA,NA,NA,0.000528820214723243
"4b89e97431a4beac53b3a01a2243d821","d__Eukaryota","Echinodermata","Echinoidea","Echinoidea",NA,NA,NA,0.000516431116696218
"b5b9c0110cd555116ae0daf01c64327b","d__Eukaryota","Cercozoa","Cercozoa","Cercozoa",NA,NA,NA,0.000513287142683737
"9302e4272868bd9c79d567d7c53070d2","d__Eukaryota","Porifera","Homoscleromorpha","Homosclerophorida",NA,NA,NA,0.000511834144060847
"b4cb23bb122a35154b1c54980ccbb17a","d__Eukaryota","Chlorophyta","Trebouxiophyceae","Trebouxiophyceae",NA,NA,NA,0.000510270304721585
"79dd5b81e2df88f6bac7f65676242f42","d__Eukaryota","Platyhelminthes","Rhabditophora","Proseriata",NA,NA,NA,0.000494309204483887
"30bc74356a596038647f4c1f8b75800f","d__Eukaryota","Platyhelminthes","Rhabditophora","Macrostomida",NA,NA,NA,0.000387912642073005
"2f4166dafd8d0d886193e3d2db01028c","d__Eukaryota","Ochrophyta","Chrysophyceae","Chrysophyceae",NA,NA,NA,0.000360994539957583
"980afc312d1c0b6ffb5ab21c1e6f4bb2","d__Eukaryota","Bryozoa","Gymnolaemata","Ctenostomatida",NA,NA,NA,0.0003451525753933
"caa55371ebb48a5c16ea42641241a446","d__Eukaryota","Amoebozoa","Discosea","Vannellida",NA,NA,NA,0.000334669181110656
"78032ef9ee4453e13492870a0141dad8","d__Eukaryota","MAST-9","MAST-9A","MAST-9A",NA,NA,NA,0.000328949573283012
"338cc32adda0e0196bf3715e679831dd","d__Eukaryota","Annelida","Polychaeta","Golfingiida",NA,NA,NA,0.000309169606809006
"04a9c93f097f1792ff4a0e3e48380fb7","d__Eukaryota","SA1-3C06","SA1-3C06","SA1-3C06",NA,NA,NA,0.000304850453017646
"43d28fe21dcc0be403ba40eb2803f008","d__Eukaryota","Protalveolata","Colpodellida","Colpodellida",NA,NA,NA,0.000298437544644051
"59e02c755ea1295a0bcc62f330877b79","d__Eukaryota","Cercozoa","Imbricatea","Imbricatea",NA,NA,NA,0.000279286376846862
"315709a4a2eda9868e73e2f92acc2f1d","d__Eukaryota","Holozoa","Choanoflagellida","Codosigidae",NA,NA,NA,0.00026632073675874
"fbf2e9da9a496369604213cde63d8239","d__Eukaryota","Cercozoa","Vampyrellidae","Vampyrellidae",NA,NA,NA,0.00025539114750435
"182fbf1f6b338bb5569ecc561e59a7c5","d__Eukaryota","Ciliophora","Postciliodesmatophora","Heterotrichea",NA,NA,NA,0.000235496567630539
"b641516a16f5cb1b883441f2bb9925e8","d__Eukaryota","Ochrophyta","Pelagophyceae","Pelagomonadales",NA,NA,NA,0.0002025760926448
"0d9041502bdfc83c20821a75f9ba27ae","d__Eukaryota","Mucoromycota","Incertae_Sedis","Mucorales",NA,NA,NA,0.000200050922052886
"84a235c01d148de5da884e616b6ab0a1","d__Eukaryota","Animalia","Animalia","Animalia",NA,NA,NA,0.000191543360628262
"a4e8441931ec549a9b18864a4f9cda6e","d__Eukaryota","Euglenozoa","Kinetoplastea","Prokinetoplastina",NA,NA,NA,0.000190913745915482
"451179b3e5a37a8671e44c2cbf243bcc","d__Eukaryota","Arthropoda","Maxillopoda","Sessilia",NA,NA,NA,0.000185694751591066
"6634c841939cb2bcedcb76c96f745d2c","d__Eukaryota","Cnidaria","Anthozoa","Zoantharia",NA,NA,NA,0.000182630207036244
"6bd85f299f89be3f5d3c0478cf50d0f6","d__Eukaryota","Holozoa","Filasterea","Ministeriida",NA,NA,NA,0.000181823878056202
"2c848841907b7bbaba359bf71ba77e5d","d__Eukaryota","Chytridiomycota","Chytridiomycetes","Rhizophydiales",NA,NA,NA,0.000157935111231443
"829e2943c9f9dfa67d8cc3bd77a0539f","d__Eukaryota","Cercozoa","Thecofilosea","Thecofilosea",NA,NA,NA,0.000154929335008865
"6ed87a48ff428fcd7bbd88f672ddf95f","d__Eukaryota","Retaria","uncultured","uncultured",NA,NA,NA,0.000149424714847836
"c23be87174a03fc15d3defa6bf2a5bb5","d__Eukaryota","Vertebrata","Mammalia","Mammalia",NA,NA,NA,0.000146220717971925
"178d056cc9749509b00750bed7ae3bac","d__Eukaryota","Mollusca","Polyplacophora","Neoloricata",NA,NA,NA,0.000143657520471197
"04200e73e062cc4b169693e04ea12860","d__Eukaryota","Aphelidea","Aphelidea","Aphelidea",NA,NA,NA,0.000127695573752175
"ba8c6f6900090e78b0f2dde6705f6729","d__Eukaryota","Orthonectida","Orthonectida","Rhopaluridae",NA,NA,NA,0.000120500593895784
"9f34e63c98be48f21ffcef1f5a764051","d__Eukaryota","Cercozoa","Thecofilosea","Cryomonadida",NA,NA,NA,0.000111733627033153
"6d9dd1509cf49bffd3baeaa84db210c2","d__Eukaryota","Cercozoa","Granofilosea","Granofilosea",NA,NA,NA,0.000111733627033153
"116095072f33b2993747e31df8675911","d__Eukaryota","Cercozoa","uncultured","uncultured",NA,NA,NA,0.00010911868475612
"b0369a473062d7a5832e5a0ca7db25bd","d__Eukaryota","Echinodermata","Holothuroidea","Holothuroidea",NA,NA,NA,0.000106252112117262
"3f31c2b72d6e0b02a9d6f2e904e8894b","d__Eukaryota","Gastrotricha","Gastrotricha","Macrodasyida",NA,NA,NA,9.1669531339521e-05
"1e6d45af49ab38054ae7e48986127f5e","d__Eukaryota","Holozoa","Choanoflagellida","Codonosigidae",NA,NA,NA,8.44067052686665e-05
"b73e76431b20342696d6dc9ee13bb31d","d__Eukaryota","Chlorophyta","Palmophyllophyceae","Palmophyllales",NA,NA,NA,8.21652178199924e-05
"d46f461f12e7e00ee7798cd86541c230","d__Eukaryota","Rhodellophyceae","Rhodellophyceae","Rhodellophyceae",NA,NA,NA,7.98097335951093e-05
"4699f3de3f68968473451cf927e832d1","d__Eukaryota","Chytridiomycota","Chytridiomycetes","Lobulomycetales",NA,NA,NA,7.98097335951093e-05
"e1aab8032c55cb8671f242dbb7ab6a42","d__Eukaryota","Cnidaria","Cubozoa","Carybdeida",NA,NA,NA,7.7582528414601e-05
"c274ecc43efda3f0d8a8ab52bac98fb6","d__Eukaryota","Tardigrada","Heterotardigrada","Echiniscoidea",NA,NA,NA,7.3857061966075e-05
"376de5813ecbf030e66b321936e7e8db","d__Eukaryota","Amoebozoa","Discosea","Stygamoebida",NA,NA,NA,7.27603456116417e-05
"0f5d5f3dc9c38e41b9df588a54bf008c","d__Eukaryota","Basidiomycota","Malasseziomycetes","Malasseziales",NA,NA,NA,6.75253642149332e-05
"3b0f5dda95c34459d29e0ed73a250e84","d__Eukaryota","MAST-3","MAST-3L","MAST-3L",NA,NA,NA,6.64109843768159e-05
"02a5a54e69029837e6feb0645419b85a","d__Eukaryota","Fornicata","Carpediomonas-like_organisms","Carpediomonas-like_organisms",NA,NA,NA,6.38477868760874e-05
"ebf50979272b93f92d3dc854c14526f0","d__Eukaryota","Ancyromonadida","Ancyromonadida","Ancyromonadida",NA,NA,NA,5.45593423780599e-05
"e49ebf2cbe8a9f6b2968054c62f1eb34","d__Eukaryota","Euglenozoa","Euglenida","Heteronematina",NA,NA,NA,4.78858401570656e-05
"4cd044d195cc3bdb24a06cfd368967c2","d__Eukaryota","Euglenozoa","Kinetoplastea","Trypanosomatida",NA,NA,NA,4.78858401570656e-05
"2c23a57a4027ea15f7926dc0336c70a6","d__Eukaryota","Rotifera","Monogononta","Ploimida",NA,NA,NA,3.9520224474875e-05
"0fcf893af76103c893c9d7b77da4d925","d__Eukaryota","Cercozoa","Ascetosporea","Haplosporida",NA,NA,NA,3.19238934380437e-05
